episode,episode_length,episode_reward,frame,step,total_time
0.0,1000.0,146.05352821251876,0,0.0,0.0035169124603271484
10.0,1000.0,123.91444399480932,10000,10000.0,124.55429577827454
20.0,1000.0,139.51263390553453,20000,20000.0,310.0697042942047
